0,1,2,3,4,,,,,,,
10,0.343193421,0.620900227,0.561598408,0.31337108,,,FEATURE,CORR. PREDICC PM.,PRECISION DISP PM.,PROB PREDECIR DISPON PM.,ERROR REL PM.
10,0.147870555,0.556190289,0.510103383,0.073170732,,,10,0.278533167,0.602855314,0.559145323,0.13796385
10,0.348446672,0.629666109,0.582474227,0.098432056,,,20,0.365344905,0.628984521,0.569668885,0.294114697
10,0.342907211,0.629961588,0.587069864,0.044207317,,,30,0.375053342,0.631288858,0.568933126,0.349410866
10,0.273188381,0.603466956,0.567316841,0.084494774,,,40,0.379738681,0.631674405,0.567132427,0.389244211
10,0.350163809,0.623362553,0.573563218,0.136759582,,,50,0.381794351,0.630230397,0.564265119,0.425108244
10,0.339460334,0.620407761,0.568791946,0.168118467,,,60,0.383064166,0.632471543,0.565975989,0.424661852
10,0.345875241,0.626120359,0.574587706,0.162020906,,,70,0.381780578,0.631758645,0.564611573,0.440368179
10,0.260072186,0.594996553,0.560667341,0.138501742,,,80,0.380673918,0.632998116,0.566241582,0.428390351
10,0.130232441,0.563281789,0.520153061,0.146341463,,,90,0.379126853,0.631838578,0.564688862,0.442824226
10,0.295834935,0.610853935,0.573123431,0.045513937,,,100,0.377347647,0.63082381,0.564137011,0.444043908
10,0.349733818,0.632325421,0.600093218,0.06554878,,,110,0.374661635,0.630446633,0.563600816,0.448815645
10,0.349137704,0.627991727,0.587918015,0.009364111,,,120,0.374011853,0.630596435,0.56351608,0.452485702
10,0.2426578,0.585048754,0.556753519,0.272865854,,,,,,,
10,0.264259593,0.594011622,0.564953013,0.212108014,,,,,,,
10,0.356649162,0.628287206,0.571829996,0.239982578,,,,,,,
10,0.282177746,0.60553531,0.568081652,0.06119338,,,,,,,
10,0.290000777,0.609967497,0.561051005,0.1271777,,,,,,,
10,0.32734855,0.620112282,0.577876669,0.027656794,,,,,,,
10,0.326101551,0.615384615,0.565143182,0.148301394,,,,,,,
10,0.336311458,0.624839949,0.584502482,0.008928571,,,,,,,
10,0.327420621,0.619028858,0.578798433,0.00043554,,,,,,,
10,0.320725872,0.621491185,0.578200042,0.042900697,,,,,,,
10,0.301353684,0.607899143,0.561779575,0.076872822,,,,,,,
10,0.225750869,0.587215601,0.544017563,0.008057491,,,,,,,
10,0.288828997,0.610656949,0.569051221,0.007621951,,,,,,,
10,0.33647495,0.619127352,0.567216762,0.174433798,,,,,,,
10,0.317184536,0.619422831,0.57027027,0.12804878,,,,,,,
10,0.259607642,0.596572442,0.570938215,0.238675958,,,,,,,
10,0.290218237,0.603269969,0.564178425,0.043118467,,,,,,,
10,0.331029119,0.621195706,0.575171302,0.080574913,,,,,,,
10,0.319804058,0.617551463,0.56782093,0.138283972,,,,,,,
10,0.317156137,0.614301192,0.566509248,0.106707317,,,,,,,
10,0.356146991,0.629764602,0.590800087,0.00108885,,,,,,,
10,0.329818595,0.619816803,0.575277664,0.058797909,,,,,,,
10,0.249906196,0.593913129,0.55622153,0.091681185,,,,,,,
10,0.293239791,0.607899143,0.557263355,0.161803136,,,,,,,
10,0.317321507,0.609278046,0.559084893,0.151785714,,,,,,,
10,0.357658164,0.627006796,0.570404058,0.244991289,,,,,,,
10,0.298109545,0.611050921,0.578204816,0.104747387,,,,,,,
10,0.284835028,0.609475032,0.583711615,0.18445122,,,,,,,
10,0.241946724,0.594110115,0.559877956,0.143510453,,,,,,,
10,-0.02098372,0.490790899,0.445717506,0.159407666,,,,,,,
10,0.33510079,0.622673102,0.568645138,0.207099303,,,,,,,
10,0.228441702,0.571456712,0.520316979,0.291594077,,,,,,,
10,0.291593092,0.608194622,0.572303344,0.075348432,,,,,,,
10,0.204906201,0.573426573,0.52629458,0.080792683,,,,,,,
10,0.245424289,0.593125185,0.55270981,0.047691638,,,,,,,
10,0.292999004,0.608982567,0.56247489,0.084059233,,,,,,,
10,0.316256927,0.60908106,0.55871819,0.155270035,,,,,,,
10,0.091910126,0.549394268,0.502471649,0.25108885,,,,,,,
10,0.172472991,0.571456712,0.528147629,0.067726481,,,,,,,
10,0.065811155,0.53659017,0.486814469,0.066855401,,,,,,,
10,0.33626529,0.621688171,0.570542927,0.159189895,,,,,,,
10,0.179706683,0.562099872,0.515101365,0.052700348,,,,,,,
10,0.33867541,0.609573525,0.549542442,0.380226481,,,,,,,
10,0.356690992,0.628976657,0.572892737,0.232360627,,,,,,,
10,0.290799387,0.605633803,0.555893536,0.145470383,,,,,,,
10,0.325180231,0.615975574,0.571843251,0.050304878,,,,,,,
10,0.177113823,0.580813553,0.542274786,0.134581882,,,,,,,
10,0.268130964,0.593322171,0.547081554,0.070775261,,,,,,,
10,0.303473791,0.610656949,0.584189723,0.173562718,,,,,,,
10,0.161622335,0.566729046,0.521204131,0.008928571,,,,,,,
10,0.220728048,0.58652615,0.553128371,0.192508711,,,,,,,
10,0.305541042,0.601595588,0.545079941,0.321210801,,,,,,,
10,0.306082908,0.607505171,0.56025412,0.096907666,,,,,,,
10,0.215214735,0.585541219,0.548854962,0.144163763,,,,,,,
10,0.360838536,0.631537477,0.582000385,0.130008711,,,,,,,
10,0.305399493,0.617255983,0.576241901,0.008275261,,,,,,,
10,0.323902616,0.61745297,0.563079116,0.222125436,,,,,,,
10,0.197638782,0.574116025,0.537535014,0.222560976,,,,,,,
10,0.342815179,0.623658032,0.574723784,0.12347561,,,,,,,
10,0.344271994,0.621688171,0.569524162,0.176175958,,,,,,,
10,0.266930339,0.595390525,0.578215902,0.326219512,,,,,,,
10,0.182516287,0.577464789,0.555801922,0.410714286,,,,,,,
10,0.352475103,0.631832956,0.579992507,0.162456446,,,,,,,
10,0.358195888,0.626908303,0.568977351,0.269163763,,,,,,,
10,0.320809765,0.608785581,0.554006969,0.25,,,,,,,
10,0.334123173,0.624938442,0.582077052,0.040069686,,,,,,,
10,0.328511846,0.61715749,0.584431138,0.090810105,,,,,,,
10,0.238432304,0.589776421,0.551782683,0.102134146,,,,,,,
10,-0.013010626,0.498079385,0.443598926,0.027003484,,,,,,,
10,0.315856791,0.613316261,0.559337135,0.222125436,,,,,,,
10,0.319702285,0.614301192,0.589512712,0.177700348,,,,,,,
10,0.316906422,0.612331331,0.556454389,0.265243902,,,,,,,
10,0.178092941,0.581798483,0.548814898,0.228222997,,,,,,,
10,0.277309661,0.60198956,0.554543655,0.099956446,,,,,,,
10,0.317763865,0.616665025,0.573622213,0.035278746,,,,,,,
10,0.302714264,0.603860928,0.549019608,0.266114983,,,,,,,
10,0.191090706,0.570373289,0.522504892,0.112804878,,,,,,,
10,0.26375234,0.607209692,0.576494428,0.140243902,,,,,,,
10,0.332279821,0.617255983,0.563764451,0.205574913,,,,,,,
10,0.054512946,0.5333399,0.482527525,0.090156794,,,,,,,
10,0.281409917,0.605830789,0.572481572,0.113675958,,,,,,,
10,0.32369542,0.624347484,0.589220183,0.050522648,,,,,,,
10,0.19913343,0.578351226,0.562125449,0.454921603,,,,,,,
10,0.363966857,0.638235004,0.590221873,0.109102787,,,,,,,
10,0.24891761,0.596966414,0.551695616,0.053135889,,,,,,,
10,0.317399318,0.617354477,0.575712144,0.016768293,,,,,,,
10,0.329642576,0.621392692,0.569542581,0.171167247,,,,,,,
20,0.364533836,0.626146111,0.563075945,0.372437854,,,,,,,
20,0.380743322,0.633441783,0.569218501,0.367204536,,,,,,,
20,0.383552823,0.637582569,0.577964359,0.272568687,,,,,,,
20,0.363448518,0.624272898,0.566114997,0.278020061,,,,,,,
20,0.375581287,0.628117914,0.563435162,0.399040558,,,,,,,
20,0.379381536,0.632653061,0.567610063,0.386829481,,,,,,,
20,0.359195789,0.624470078,0.56465302,0.310292194,,,,,,,
20,0.370844319,0.633047422,0.571808511,0.311818578,,,,,,,
20,0.368939043,0.632258701,0.57069706,0.320104666,,,,,,,
20,0.306110339,0.610766046,0.563979142,0.08722198,,,,,,,
20,0.317012293,0.617864537,0.57063271,0.095944178,,,,,,,
20,0.34898046,0.628019324,0.576280728,0.162014828,,,,,,,
20,0.361794919,0.617667357,0.555020205,0.402965547,,,,,,,
20,0.363265604,0.630878438,0.575286123,0.21936328,,,,,,,
20,0.371971829,0.63777975,0.578566506,0.265590929,,,,,,,
20,0.373128306,0.633737553,0.572378262,0.312036633,,,,,,,
20,0.371732246,0.629596766,0.565019608,0.390100305,,,,,,,
20,0.349143319,0.629103815,0.577941733,0.152638465,,,,,,,
20,0.373922794,0.636005127,0.576567318,0.273004797,,,,,,,
20,0.361698494,0.631174209,0.575513852,0.220017444,,,,,,,
20,0.372144679,0.635906537,0.580843744,0.204317488,,,,,,,
20,0.36732708,0.632850242,0.574748526,0.257304841,,,,,,,
20,0.362077613,0.632948832,0.581093779,0.160270388,,,,,,,
20,0.331068343,0.623484176,0.572673868,0.15067597,,,,,,,
20,0.374077298,0.636793848,0.574496201,0.320104666,,,,,,,
20,0.380880663,0.642019126,0.598230817,0.059965111,,,,,,,
20,0.36561285,0.634230504,0.573762209,0.294810292,,,,,,,
20,0.364867639,0.626540471,0.564730694,0.344090711,,,,,,,
20,0.337129825,0.616977226,0.557506153,0.329044919,,,,,,,
20,0.374596892,0.630385488,0.568934278,0.323811601,,,,,,,
20,0.373633004,0.634131914,0.57206391,0.323811601,,,,,,,
20,0.36207057,0.629300996,0.573019802,0.233318796,,,,,,,
20,0.360331696,0.621118012,0.558716611,0.379633668,,,,,,,
20,0.308320073,0.612146308,0.557052853,0.245965983,,,,,,,
20,0.375169557,0.634920635,0.575767977,0.270606193,,,,,,,
20,0.355163054,0.612540668,0.549984761,0.430876581,,,,,,,
20,0.369510481,0.632653061,0.575359271,0.244221544,,,,,,,
20,0.377316923,0.630089717,0.567694805,0.343218491,,,,,,,
20,0.367097896,0.632850242,0.58092377,0.161360663,,,,,,,
20,0.337003231,0.620329291,0.564872021,0.235281291,,,,,,,
20,0.375691127,0.631371389,0.568895396,0.340383777,,,,,,,
20,0.347264081,0.627526373,0.575037147,0.17400785,,,,,,,
20,0.366508182,0.63216011,0.571333222,0.306803314,,,,,,,
20,0.382516632,0.632653061,0.568888177,0.361098997,,,,,,,
20,0.377254325,0.63216011,0.567932624,0.372219799,,,,,,,
20,0.377139279,0.627230602,0.565118913,0.347797645,,,,,,,
20,0.381722312,0.629202406,0.565486585,0.373528129,,,,,,,
20,0.365997643,0.634723455,0.578172138,0.228739642,,,,,,,
20,0.3773792,0.632751651,0.573276596,0.28107283,,,,,,,
20,0.383849266,0.640145913,0.579618918,0.281726995,,,,,,,
20,0.383884949,0.636793848,0.574055829,0.327954645,,,,,,,
20,0.368822857,0.623089816,0.558864373,0.41321413,,,,,,,
20,0.37675255,0.627526373,0.562288005,0.414304405,,,,,,,
20,0.370935185,0.632455881,0.572125084,0.296990842,,,,,,,
20,0.361458959,0.624470078,0.567600487,0.253161797,,,,,,,
20,0.33072293,0.61993493,0.569898642,0.140209333,,,,,,,
20,0.37864544,0.630188307,0.566640064,0.366114261,,,,,,,
20,0.357901881,0.629300996,0.568174315,0.320976886,,,,,,,
20,0.384012164,0.629892537,0.564157927,0.413868295,,,,,,,
20,0.370696415,0.633737553,0.57905246,0.201264719,,,,,,,
20,0.385476718,0.634920635,0.570336148,0.36873092,,,,,,,
20,0.372971722,0.635117815,0.577157803,0.250545137,,,,,,,
20,0.36762858,0.633934733,0.574424552,0.278892281,,,,,,,
20,0.368079458,0.621610963,0.558128691,0.402965547,,,,,,,
20,0.386280523,0.625455979,0.559306707,0.446794592,,,,,,,
20,0.376635621,0.634329094,0.573561483,0.299825556,,,,,,,
20,0.382062644,0.641821946,0.584053625,0.236153511,,,,,,,
20,0.339418887,0.620132111,0.565364723,0.222634104,,,,,,,
20,0.348631866,0.623484176,0.566940129,0.249236808,,,,,,,
20,0.371037824,0.635512176,0.585039219,0.139773223,,,,,,,
20,0.385487011,0.639160012,0.579307982,0.273004797,,,,,,,
20,0.36683187,0.630484078,0.570231311,0.300915831,,,,,,,
20,0.355603431,0.621610963,0.55984,0.362843437,,,,,,,
20,0.374298981,0.629695356,0.565706143,0.377235063,,,,,,,
20,0.340994023,0.617667357,0.558823529,0.312254688,,,,,,,
20,0.361187601,0.61973775,0.55902834,0.346489315,,,,,,,
20,0.373312387,0.635216405,0.575442779,0.280418666,,,,,,,
20,0.373054945,0.623385586,0.560182275,0.387701701,,,,,,,
20,0.381634382,0.617864537,0.552780256,0.466637593,,,,,,,
20,0.380226874,0.622399685,0.558243451,0.415176625,,,,,,,
20,0.372736418,0.635610766,0.573505121,0.320104666,,,,,,,
20,0.367989257,0.629596766,0.569071821,0.308547754,,,,,,,
20,0.335800058,0.617963127,0.56153713,0.259703445,,,,,,,
20,0.33006876,0.618949029,0.565296142,0.203881378,,,,,,,
20,0.37226331,0.629399586,0.565005502,0.387047536,,,,,,,
20,0.37695526,0.640343094,0.582165382,0.244657654,,,,,,,
20,0.334821991,0.614019521,0.558890644,0.242259049,,,,,,,
20,0.359724292,0.626146111,0.567151556,0.289140863,,,,,,,
20,0.377222067,0.633737553,0.571569433,0.32686437,,,,,,,
20,0.373043816,0.635512176,0.577398572,0.252289577,,,,,,,
20,0.37935761,0.63807552,0.578352458,0.273222852,,,,,,,
20,0.343858354,0.610371685,0.549269506,0.402965547,,,,,,,
20,0.371556649,0.636596668,0.582026978,0.196249455,,,,,,,
20,0.380304697,0.641131815,0.581243559,0.269515918,,,,,,,
20,0.370978544,0.627723553,0.564387917,0.371565635,,,,,,,
20,0.34413731,0.620920832,0.564738773,0.247928478,,,,,,,
20,0.375346148,0.634131914,0.569921688,0.364369821,,,,,,,
20,0.352482161,0.624963029,0.564521452,0.321412996,,,,,,,
20,0.373997105,0.63206152,0.56769182,0.375490624,,,,,,,
20,0.371455519,0.633540373,0.578387155,0.208678587,,,,,,,
30,0.363895741,0.633770848,0.571592775,0.328823914,,,,,,,
30,0.377366414,0.637718346,0.581749731,0.217106699,,,,,,,
30,0.357362152,0.627158788,0.566016073,0.330351298,,,,,,,
30,0.360060703,0.6278496,0.569615912,0.272528911,,,,,,,
30,0.384250821,0.638902595,0.578947368,0.276892865,,,,,,,
30,0.359035126,0.626073226,0.563642193,0.361117172,,,,,,,
30,0.372038544,0.633080036,0.579226965,0.191141174,,,,,,,
30,0.373837697,0.62360604,0.556920799,0.473925376,,,,,,,
30,0.371376944,0.629527287,0.567103772,0.347807113,,,,,,,
30,0.383681787,0.630810224,0.564789166,0.417848571,,,,,,,
30,0.361311767,0.630908911,0.568996562,0.332969671,,,,,,,
30,0.385946699,0.627750913,0.560585687,0.46039712,,,,,,,
30,0.386905016,0.630514162,0.56378288,0.435086188,,,,,,,
30,0.373111145,0.628441725,0.564106583,0.392101244,,,,,,,
30,0.370418062,0.6286391,0.566107707,0.353262055,,,,,,,
30,0.38113245,0.633178723,0.566676933,0.41697578,,,,,,,
30,0.369013083,0.630612849,0.567851373,0.350643683,,,,,,,
30,0.376073099,0.637718346,0.575322101,0.320968798,,,,,,,
30,0.36377637,0.633178723,0.578102453,0.209687977,,,,,,,
30,0.372086778,0.626369288,0.563546484,0.368317696,,,,,,,
30,0.381646516,0.636040659,0.571474205,0.366135719,,,,,,,
30,0.381689146,0.646698905,0.59063799,0.207287803,,,,,,,
30,0.362927071,0.619757229,0.555793335,0.427449269,,,,,,,
30,0.375043972,0.631698411,0.567208972,0.381409557,,,,,,,
30,0.37408669,0.629231225,0.565059861,0.385118918,,,,,,,
30,0.38161583,0.642455344,0.579496522,0.317477635,,,,,,,
30,0.373894468,0.632290536,0.569867928,0.338206415,,,,,,,
30,0.371669753,0.631895786,0.566943965,0.390137465,,,,,,,
30,0.379874012,0.642159282,0.580759494,0.292821296,,,,,,,
30,0.378034425,0.631994474,0.570742213,0.317041239,,,,,,,
30,0.38199506,0.633376098,0.569395587,0.364608335,,,,,,,
30,0.371507918,0.636435409,0.580167648,0.223434432,,,,,,,
30,0.378109434,0.641271094,0.580502717,0.284747982,,,,,,,
30,0.365234556,0.633573473,0.575129534,0.263364608,,,,,,,
30,0.362199545,0.629527287,0.566607745,0.357844207,,,,,,,
30,0.366820666,0.631204974,0.575697924,0.219288676,,,,,,,
30,0.38574212,0.638310471,0.577168796,0.297839843,,,,,,,
30,0.379574394,0.640185532,0.579935165,0.278856644,,,,,,,
30,0.375438226,0.633770848,0.572812291,0.30656775,,,,,,,
30,0.37160573,0.637422284,0.576657109,0.293694087,,,,,,,
30,0.380564615,0.630514162,0.566682562,0.37268165,,,,,,,
30,0.37730041,0.637126221,0.579613357,0.24154484,,,,,,,
30,0.365947551,0.622125728,0.55942623,0.384246127,,,,,,,
30,0.370713547,0.634757722,0.586267606,0.115426576,,,,,,,
30,0.364041044,0.637422284,0.580286169,0.235217107,,,,,,,
30,0.368894974,0.628935162,0.571009491,0.264455597,,,,,,,
30,0.377846053,0.634165598,0.569194313,0.381191359,,,,,,,
30,0.385957727,0.637718346,0.573786408,0.348461706,,,,,,,
30,0.381943703,0.635448534,0.570859238,0.368754091,,,,,,,
30,0.378269136,0.627060101,0.562851782,0.395592407,,,,,,,
30,0.386166202,0.636238034,0.570730169,0.383591534,,,,,,,
30,0.379331888,0.631204974,0.564540738,0.430067641,,,,,,,
30,0.383037403,0.630711537,0.564922032,0.413266419,,,,,,,
30,0.378376308,0.626862726,0.562538989,0.39908357,,,,,,,
30,0.374461004,0.6286391,0.563154652,0.416539385,,,,,,,
30,0.382671266,0.629823349,0.564356436,0.410429849,,,,,,,
30,0.381067975,0.637323596,0.582846715,0.195723325,,,,,,,
30,0.390713262,0.638211783,0.572034564,0.388828278,,,,,,,
30,0.376633739,0.638705221,0.579813019,0.260309841,,,,,,,
30,0.378709085,0.606927859,0.542360915,0.54527602,,,,,,,
30,0.362248954,0.629823349,0.569635085,0.303512983,,,,,,,
30,0.376476718,0.625777164,0.561081081,0.412830024,,,,,,,
30,0.375734322,0.636534097,0.572510474,0.354134846,,,,,,,
30,0.377306434,0.628540413,0.563321478,0.411084443,,,,,,,
30,0.371466568,0.631895786,0.573269198,0.270128737,,,,,,,
30,0.378641981,0.633474785,0.568435974,0.385337115,,,,,,,
30,0.366349175,0.622323103,0.558970359,0.398647174,,,,,,,
30,0.381885697,0.634659035,0.568283987,0.40759328,,,,,,,
30,0.388250921,0.639001283,0.580336981,0.256164085,,,,,,,
30,0.383261004,0.631204974,0.565846824,0.401701942,,,,,,,
30,0.354228104,0.622915227,0.561116458,0.360244381,,,,,,,
30,0.381578689,0.633474785,0.571901373,0.318568623,,,,,,,
30,0.368844293,0.635941972,0.579735997,0.223216234,,,,,,,
30,0.384012394,0.636435409,0.572278501,0.356971416,,,,,,,
30,0.386022713,0.630020724,0.566634708,0.365481126,,,,,,,
30,0.383359302,0.634264285,0.570441767,0.358280602,,,,,,,
30,0.366007955,0.626171914,0.56158017,0.40846607,,,,,,,
30,0.365132623,0.613342544,0.549501265,0.465633864,,,,,,,
30,0.380132758,0.636040659,0.570885474,0.377481999,,,,,,,
30,0.358663631,0.625283726,0.568395405,0.25376391,,,,,,,
30,0.376307728,0.635349847,0.572195122,0.341915776,,,,,,,
30,0.371996851,0.603177736,0.53941094,0.555749509,,,,,,,
30,0.383213557,0.625283726,0.559347629,0.444905084,,,,,,,
30,0.374353084,0.63327741,0.569460022,0.361771765,,,,,,,
30,0.382318183,0.619066417,0.552566526,0.500545494,,,,,,,
30,0.371482571,0.624395539,0.560354202,0.404538512,,,,,,,
30,0.379027922,0.634560347,0.57073955,0.357189614,,,,,,,
30,0.372182994,0.625283726,0.559617718,0.438359153,,,,,,,
30,0.376611685,0.621336228,0.555324829,0.471088806,,,,,,,
30,0.369291943,0.627257476,0.561696265,0.425267292,,,,,,,
30,0.355350216,0.624494227,0.564085667,0.324459961,,,,,,,
30,0.378921745,0.63988947,0.57825067,0.302203797,,,,,,,
30,0.379527704,0.632290536,0.566754946,0.400610954,,,,,,,
30,0.36942844,0.63327741,0.569863014,0.353916648,,,,,,,
30,0.381569997,0.626467976,0.561517114,0.415230199,,,,,,,
30,0.381027196,0.63525116,0.569919596,0.384027929,,,,,,,
30,0.375958187,0.637422284,0.573746552,0.344752346,,,,,,,
30,0.366806443,0.632487911,0.584298332,0.111717216,,,,,,,
30,0.385114032,0.627060101,0.559982095,0.462360899,,,,,,,
30,0.381202613,0.63909997,0.576001313,0.32926031,,,,,,,
40,0.379869777,0.6312358,0.565150347,0.416557449,,,,,,,
40,0.374296267,0.630939445,0.56867863,0.339012669,,,,,,,
40,0.378523408,0.637755606,0.575954644,0.309960682,,,,,,,
40,0.38873992,0.638348316,0.574443903,0.345347313,,,,,,,
40,0.366621009,0.62185123,0.556188193,0.457841852,,,,,,,
40,0.381286336,0.63084066,0.565203908,0.408693753,,,,,,,
40,0.375389658,0.631532154,0.567365745,0.374836173,,,,,,,
40,0.377098252,0.625605058,0.560355392,0.425950197,,,,,,,
40,0.379498004,0.629655241,0.56286971,0.440148536,,,,,,,
40,0.378033667,0.62985281,0.564169884,0.414373089,,,,,,,
40,0.386101138,0.626197767,0.55952024,0.456968108,,,,,,,
40,0.373983806,0.636372617,0.573368232,0.335299257,,,,,,,
40,0.391559146,0.627383187,0.560059613,0.465705548,,,,,,,
40,0.382624937,0.627975896,0.560997596,0.453910004,,,,,,,
40,0.386414896,0.629457671,0.562358619,0.448449104,,,,,,,
40,0.374171397,0.631927294,0.57076412,0.314984709,,,,,,,
40,0.382629396,0.636471402,0.57300813,0.343381389,,,,,,,
40,0.382189952,0.630544305,0.563697172,0.436871997,,,,,,,
40,0.373639621,0.624913563,0.559355525,0.437090433,,,,,,,
40,0.377690083,0.629358886,0.563091965,0.429882045,,,,,,,
40,0.381484983,0.637558036,0.575863796,0.308650066,,,,,,,
40,0.378296215,0.628371036,0.562827225,0.418523373,,,,,,,
40,0.377407535,0.603971155,0.539181931,0.586063783,,,,,,,
40,0.364630885,0.62985281,0.570292675,0.291175186,,,,,,,
40,0.38607845,0.634100563,0.56655498,0.434250765,,,,,,,
40,0.383832037,0.635384767,0.569897557,0.385976409,,,,,,,
40,0.385878039,0.625308703,0.557576647,0.4890782,,,,,,,
40,0.384713772,0.63143337,0.566431373,0.392529489,,,,,,,
40,0.385276063,0.62985281,0.562716981,0.447138488,,,,,,,
40,0.382621092,0.638051961,0.572173089,0.383136741,,,,,,,
40,0.388488854,0.627975896,0.560979273,0.454346876,,,,,,,
40,0.382787614,0.635187197,0.570405728,0.372870249,,,,,,,
40,0.375210943,0.63064309,0.566303145,0.382044561,,,,,,,
40,0.385461772,0.623234219,0.556542333,0.475753604,,,,,,,
40,0.356909549,0.622542724,0.558745926,0.407383137,,,,,,,
40,0.386554686,0.636175047,0.571703253,0.363259065,,,,,,,
40,0.379328861,0.630544305,0.56581841,0.390563565,,,,,,,
40,0.375543964,0.632421219,0.567406009,0.388597641,,,,,,,
40,0.389871975,0.632618789,0.56604644,0.420489297,,,,,,,
40,0.370299509,0.631532154,0.566940322,0.383573613,,,,,,,
40,0.383618459,0.635779907,0.570680628,0.376802097,,,,,,,
40,0.390398053,0.641608219,0.578772803,0.317169069,,,,,,,
40,0.374324015,0.63064309,0.567389558,0.359764089,,,,,,,
40,0.392183359,0.635582337,0.567935198,0.429226737,,,,,,,
40,0.379006585,0.62185123,0.555588497,0.473569244,,,,,,,
40,0.384041902,0.629951595,0.563803681,0.424202709,,,,,,,
40,0.380477113,0.635088413,0.569981001,0.379641765,,,,,,,
40,0.369264262,0.618196187,0.552775722,0.475535168,,,,,,,
40,0.379650214,0.625703843,0.559030376,0.459807776,,,,,,,
40,0.382167962,0.638348316,0.576865046,0.30297073,,,,,,,
40,0.376326319,0.637360466,0.575244732,0.316513761,,,,,,,
40,0.382562553,0.641608219,0.579617834,0.303189166,,,,,,,
40,0.372851862,0.636175047,0.578247945,0.249235474,,,,,,,
40,0.37711023,0.633112714,0.566893775,0.410659677,,,,,,,
40,0.371203406,0.635187197,0.576623377,0.26146789,,,,,,,
40,0.376118174,0.635582337,0.576440241,0.27020533,,,,,,,
40,0.383924037,0.634298133,0.568587535,0.394932285,,,,,,,
40,0.379469835,0.63143337,0.5658529,0.404761905,,,,,,,
40,0.391766388,0.643781488,0.586909871,0.221494102,,,,,,,
40,0.368624034,0.632915144,0.568871844,0.366972477,,,,,,,
40,0.386844058,0.637656821,0.571766562,0.384884229,,,,,,,
40,0.377129575,0.632421219,0.566942665,0.398208825,,,,,,,
40,0.384461599,0.637953176,0.570874088,0.406946265,,,,,,,
40,0.375664675,0.635483552,0.574049366,0.309742246,,,,,,,
40,0.367531206,0.626889262,0.562006503,0.410878113,,,,,,,
40,0.36899647,0.633902993,0.574301295,0.281782438,,,,,,,
40,0.370627162,0.627679542,0.565357893,0.351900393,,,,,,,
40,0.382898624,0.629754025,0.563964242,0.417212757,,,,,,,
40,0.381641204,0.638447101,0.575295276,0.331585845,,,,,,,
40,0.382741767,0.63884224,0.573151381,0.376583661,,,,,,,
40,0.383815626,0.635977477,0.568576256,0.422236785,,,,,,,
40,0.373041465,0.627877112,0.56156065,0.43883792,,,,,,,
40,0.388633554,0.62125852,0.554069767,0.502839668,,,,,,,
40,0.379357575,0.629951595,0.56390169,0.422018349,,,,,,,
40,0.38643707,0.634792058,0.570672228,0.361511577,,,,,,,
40,0.377244093,0.639138595,0.576031563,0.328746177,,,,,,,
40,0.368344445,0.633705423,0.569711538,0.363040629,,,,,,,
40,0.371052711,0.636570187,0.580743668,0.216033202,,,,,,,
40,0.380642001,0.637558036,0.57799897,0.272826562,,,,,,,
40,0.375708325,0.627975896,0.562480763,0.419397117,,,,,,,
40,0.389465799,0.631532154,0.56377858,0.452162516,,,,,,,
40,0.380506018,0.634001778,0.56802244,0.401703801,,,,,,,
40,0.38739706,0.64002766,0.576582486,0.332022717,,,,,,,
40,0.375994406,0.63103823,0.566055477,0.393840105,,,,,,,
40,0.368262464,0.628371036,0.564312736,0.385757973,,,,,,,
40,0.387204734,0.615035069,0.547910511,0.55242464,,,,,,,
40,0.376151042,0.628766176,0.562710309,0.428134557,,,,,,,
40,0.385959997,0.638644671,0.574313409,0.352118829,,,,,,,
40,0.377426878,0.620171886,0.553794217,0.488204456,,,,,,,
40,0.385749985,0.633409068,0.567240577,0.408256881,,,,,,,
40,0.383726296,0.626592907,0.559410363,0.467016164,,,,,,,
40,0.378992729,0.626889262,0.560471086,0.446701616,,,,,,,
40,0.373363749,0.638348316,0.576762096,0.304718218,,,,,,,
40,0.38708919,0.64002766,0.577062706,0.323722149,,,,,,,
40,0.378684665,0.621752445,0.555293075,0.479467016,,,,,,,
40,0.376576288,0.631927294,0.5671289,0.386194845,,,,,,,
40,0.38419606,0.631828509,0.566453225,0.398645697,,,,,,,
40,0.372261917,0.636866542,0.575016633,0.313237221,,,,,,,
40,0.384993801,0.627383187,0.559668345,0.475316732,,,,,,,
40,0.390925572,0.641805789,0.580677966,0.28877239,,,,,,,
50,0.383152065,0.628992386,0.560877948,0.474524382,,,,,,,
50,0.383888855,0.621081776,0.55365677,0.509949705,,,,,,,
50,0.383557027,0.627311381,0.559344553,0.481303302,,,,,,,
50,0.385242185,0.633936517,0.566989694,0.421605073,,,,,,,
50,0.385397911,0.640166123,0.576758711,0.330417669,,,,,,,
50,0.387275734,0.63779294,0.571182728,0.397769517,,,,,,,
50,0.382304577,0.627608029,0.559627605,0.479772578,,,,,,,
50,0.378746044,0.63818847,0.572747533,0.373715285,,,,,,,
50,0.377071122,0.63591417,0.573405833,0.327137546,,,,,,,
50,0.39210872,0.637496292,0.569523226,0.42641592,,,,,,,
50,0.390474373,0.632453278,0.564148681,0.458998469,,,,,,,
50,0.384820765,0.625927025,0.560195062,0.434944238,,,,,,,
50,0.373398516,0.63591417,0.572333171,0.346818281,,,,,,,
50,0.379686199,0.632651043,0.56749528,0.389897223,,,,,,,
50,0.383006267,0.617917532,0.551043916,0.518696698,,,,,,,
50,0.387504554,0.615544349,0.548191923,0.554122021,,,,,,,
50,0.38718285,0.624938198,0.557050907,0.494861141,,,,,,,
50,0.385497507,0.625333729,0.558507463,0.465121365,,,,,,,
50,0.371670276,0.611984574,0.546271211,0.533566586,,,,,,,
50,0.38487796,0.627113616,0.55970816,0.468620162,,,,,,,
50,0.382048193,0.634529813,0.5688059,0.393614695,,,,,,,
50,0.382451495,0.626816968,0.559493671,0.468401487,,,,,,,
50,0.391117486,0.631068921,0.563213213,0.456374371,,,,,,,
50,0.37692408,0.633837635,0.567400062,0.411327356,,,,,,,
50,0.383436574,0.637199644,0.571451154,0.383336978,,,,,,,
50,0.375168613,0.620389598,0.554645622,0.468620162,,,,,,,
50,0.372184561,0.625927025,0.559362789,0.455062322,,,,,,,
50,0.389869029,0.629289034,0.5606596,0.485239449,,,,,,,
50,0.374569396,0.621279541,0.554194019,0.499015963,,,,,,,
50,0.369442401,0.63215663,0.570252018,0.327574896,,,,,,,
50,0.379764264,0.638089588,0.577622853,0.286026678,,,,,,,
50,0.382821214,0.632255513,0.565773259,0.419637,,,,,,,
50,0.375623906,0.62424602,0.557626361,0.466652088,,,,,,,
50,0.380552408,0.639177297,0.575195313,0.343538159,,,,,,,
50,0.387350139,0.624048255,0.556716198,0.486332823,,,,,,,
50,0.379628676,0.629091269,0.5625,0.438005686,,,,,,,
50,0.386005292,0.633244339,0.566359447,0.423573147,,,,,,,
50,0.383679102,0.609512509,0.542998897,0.58670457,,,,,,,
50,0.382491197,0.632354395,0.566703074,0.401486989,,,,,,,
50,0.374465668,0.630376743,0.567349573,0.355565274,,,,,,,
50,0.386804454,0.631068921,0.564118185,0.435818937,,,,,,,
50,0.379531414,0.635815287,0.573432343,0.325169473,,,,,,,
50,0.390179566,0.622169485,0.553991959,0.52285152,,,,,,,
50,0.377744793,0.638485118,0.573465791,0.364749617,,,,,,,
50,0.385135171,0.639869475,0.574947673,0.358189372,,,,,,,
50,0.373380215,0.621477306,0.556311413,0.446534004,,,,,,,
50,0.371978793,0.632947691,0.57067805,0.331948393,,,,,,,
50,0.386548793,0.632057747,0.564978646,0.433632189,,,,,,,
50,0.385832233,0.639572827,0.579506511,0.276186311,,,,,,,
50,0.374635496,0.628201325,0.560482071,0.469713536,,,,,,,
50,0.383051171,0.635716405,0.569988978,0.388803849,,,,,,,
50,0.378963679,0.62464155,0.557191226,0.485458124,,,,,,,
50,0.377925977,0.617126471,0.549836485,0.537940083,,,,,,,
50,0.391058399,0.637496292,0.568329064,0.45134485,,,,,,,
50,0.385647228,0.633145456,0.56458614,0.460966543,,,,,,,
50,0.389218239,0.625432611,0.557441826,0.494205117,,,,,,,
50,0.383066627,0.635716405,0.568395138,0.421167724,,,,,,,
50,0.379062789,0.639968358,0.577978581,0.306800787,,,,,,,
50,0.376118667,0.633343222,0.575997189,0.244478461,,,,,,,
50,0.377199334,0.628596856,0.561604585,0.450032801,,,,,,,
50,0.387639567,0.631068921,0.563652858,0.446315329,,,,,,,
50,0.385512292,0.634134283,0.567433956,0.415482178,,,,,,,
50,0.375938185,0.629585682,0.563605599,0.421605073,,,,,,,
50,0.381088701,0.62800356,0.560315335,0.470150886,,,,,,,
50,0.375461262,0.634628696,0.572299078,0.327793571,,,,,,,
50,0.388962719,0.639572827,0.572161742,0.40607916,,,,,,,
50,0.374856964,0.62009295,0.555036892,0.45221955,,,,,,,
50,0.387738593,0.631365569,0.564711288,0.427727969,,,,,,,
50,0.385636937,0.627904677,0.560160428,0.472118959,,,,,,,
50,0.386635978,0.631563334,0.563943832,0.448283403,,,,,,,
50,0.372494055,0.621872837,0.557114534,0.433850864,,,,,,,
50,0.380710383,0.63027786,0.562518741,0.45856112,,,,,,,
50,0.381883199,0.627706912,0.561045633,0.447190028,,,,,,,
50,0.374806862,0.637891822,0.575929322,0.311830308,,,,,,,
50,0.38738908,0.637298527,0.570537802,0.402799038,,,,,,,
50,0.388940346,0.634628696,0.567621688,0.419637,,,,,,,
50,0.376801457,0.630080095,0.565203762,0.395145419,,,,,,,
50,0.370974357,0.625234846,0.560482002,0.415482178,,,,,,,
50,0.397524726,0.631266686,0.562462996,0.477367155,,,,,,,
50,0.385562491,0.627805795,0.561222945,0.444784605,,,,,,,
50,0.379667437,0.638682883,0.573367396,0.369560464,,,,,,,
50,0.38969023,0.627509147,0.55921246,0.488300897,,,,,,,
50,0.384697854,0.637397409,0.572341105,0.369341789,,,,,,,
50,0.386397221,0.631859982,0.564006024,0.452000875,,,,,,,
50,0.387242889,0.628695738,0.561448317,0.455499672,,,,,,,
50,0.369057502,0.626718086,0.561346863,0.422261098,,,,,,,
50,0.374942264,0.631662217,0.569690993,0.330417669,,,,,,,
50,0.387060287,0.634134283,0.567642957,0.411108681,,,,,,,
50,0.386551394,0.635716405,0.570701447,0.37480866,,,,,,,
50,0.385321217,0.623553842,0.556808069,0.474305707,,,,,,,
50,0.373628829,0.627706912,0.563085572,0.400393615,,,,,,,
50,0.388219039,0.639869475,0.574396676,0.368248415,,,,,,,
50,0.385443714,0.639869475,0.573203334,0.390553247,,,,,,,
50,0.385781,0.612083457,0.545403744,0.565274437,,,,,,,
50,0.378349984,0.625729259,0.558474325,0.473431008,,,,,,,
50,0.374977147,0.629585682,0.562133734,0.455280997,,,,,,,
50,0.371448865,0.626322555,0.561227637,0.417887601,,,,,,,
50,0.379769132,0.630970039,0.56379912,0.441285808,,,,,,,
50,0.375442948,0.631464452,0.567399618,0.372403236,,,,,,,
50,0.379647755,0.635518639,0.572716839,0.333697791,,,,,,,
60,0.389921308,0.625754726,0.557720481,0.493981178,,,,,,,
60,0.392916124,0.63644462,0.568292683,0.435762749,,,,,,,
60,0.380281381,0.627338414,0.559661621,0.474720946,,,,,,,
60,0.384331799,0.635553796,0.567803088,0.43160429,,,,,,,
60,0.380002301,0.637335445,0.570736283,0.400087547,,,,,,,
60,0.386021911,0.642185489,0.576003824,0.373604728,,,,,,,
60,0.378277783,0.634069088,0.567849362,0.406434668,,,,,,,
60,0.380521218,0.627239434,0.559934319,0.466185161,,,,,,,
60,0.383907647,0.630901712,0.563636364,0.4445174,,,,,,,
60,0.384401462,0.622389389,0.554197815,0.522433793,,,,,,,
60,0.389847054,0.62644759,0.558054622,0.498577369,,,,,,,
60,0.380677559,0.637434425,0.572666025,0.364412344,,,,,,,
60,0.382470741,0.630109868,0.563087655,0.443204202,,,,,,,
60,0.392901775,0.632881322,0.564159952,0.46684176,,,,,,,
60,0.388869991,0.634662971,0.566697053,0.440577807,,,,,,,
60,0.38193009,0.637533406,0.573346272,0.353250164,,,,,,,
60,0.377953507,0.635355835,0.569259665,0.398336616,,,,,,,
60,0.391818254,0.633475205,0.565250151,0.452396586,,,,,,,
60,0.376328468,0.634860932,0.57156799,0.345589845,,,,,,,
60,0.391744832,0.635751757,0.568374096,0.422849639,,,,,,,
60,0.391120205,0.637533406,0.569952183,0.418910046,,,,,,,
60,0.382747227,0.622191428,0.554698865,0.504486759,,,,,,,
60,0.385283261,0.623973077,0.55628655,0.497045305,,,,,,,
60,0.380702869,0.633574186,0.568450971,0.386080105,,,,,,,
60,0.387645482,0.637830347,0.573481912,0.355219961,,,,,,,
60,0.386439612,0.63832525,0.570963239,0.41103086,,,,,,,
60,0.38194222,0.631396615,0.563908637,0.446924929,,,,,,,
60,0.383062949,0.628130258,0.560488677,0.469030422,,,,,,,
60,0.394565888,0.637038503,0.569256757,0.425257168,,,,,,,
60,0.384824337,0.636741562,0.569830666,0.408842197,,,,,,,
60,0.387132584,0.63634564,0.567998784,0.440358941,,,,,,,
60,0.394222125,0.630109868,0.561574896,0.478660538,,,,,,,
60,0.371570698,0.622884292,0.557300317,0.449551324,,,,,,,
60,0.374265648,0.633475205,0.568318081,0.387174436,,,,,,,
60,0.384185326,0.642581411,0.579859953,0.312759904,,,,,,,
60,0.383355251,0.640007918,0.574298469,0.372729262,,,,,,,
60,0.379790921,0.6324854,0.564868142,0.444079667,,,,,,,
60,0.387677513,0.634069088,0.567346308,0.41694025,,,,,,,
60,0.379116115,0.637632386,0.577659938,0.27949223,,,,,,,
60,0.369762267,0.6324854,0.568414322,0.369227402,,,,,,,
60,0.378140871,0.634069088,0.568488847,0.393302692,,,,,,,
60,0.383940757,0.639018113,0.571229913,0.416502517,,,,,,,
60,0.385307831,0.636939523,0.569425181,0.420223244,,,,,,,
60,0.378260528,0.630604771,0.56525807,0.403589407,,,,,,,
60,0.382440442,0.640007918,0.575137053,0.357408623,,,,,,,
60,0.386133556,0.636246659,0.569561158,0.406434668,,,,,,,
60,0.381510919,0.617341384,0.550379819,0.527029985,,,,,,,
60,0.381320644,0.631396615,0.56358164,0.454366382,,,,,,,
60,0.384496005,0.634069088,0.566100667,0.443641935,,,,,,,
60,0.387420195,0.631594576,0.564332371,0.440796673,,,,,,,
60,0.386129246,0.630208849,0.562735352,0.453053185,,,,,,,
60,0.384629492,0.633970108,0.567824326,0.405340337,,,,,,,
60,0.387832576,0.637830347,0.569465649,0.433574086,,,,,,,
60,0.383320412,0.640106899,0.573383672,0.391332896,,,,,,,
60,0.390429307,0.623478175,0.556027538,0.494200044,,,,,,,
60,0.387714763,0.632980303,0.56541559,0.440358941,,,,,,,
60,0.373721609,0.627338414,0.562989658,0.396804552,,,,,,,
60,0.384000331,0.637038503,0.571383349,0.382797111,,,,,,,
60,0.378700625,0.633376225,0.567294227,0.406653535,,,,,,,
60,0.386041781,0.629812927,0.562097378,0.46093237,,,,,,,
60,0.385657125,0.634662971,0.567269384,0.428321296,,,,,,,
60,0.379181366,0.635949718,0.571177504,0.369884001,,,,,,,
60,0.378233303,0.627338414,0.560523939,0.453709783,,,,,,,
60,0.387595607,0.640205879,0.57615786,0.342087984,,,,,,,
60,0.380904182,0.632188459,0.565025156,0.435543883,,,,,,,
60,0.377045512,0.623973077,0.557703837,0.460275772,,,,,,,
60,0.385704222,0.635751757,0.569247546,0.404902605,,,,,,,
60,0.374442417,0.636246659,0.574006623,0.321952287,,,,,,,
60,0.384722534,0.638226269,0.572333017,0.382797111,,,,,,,
60,0.376324939,0.630802732,0.564988381,0.41278179,,,,,,,
60,0.386169381,0.631891517,0.563394988,0.467279492,,,,,,,
60,0.381791096,0.630010888,0.563425431,0.433792953,,,,,,,
60,0.391207232,0.621102643,0.553440069,0.517399869,,,,,,,
60,0.390414363,0.631396615,0.562288073,0.484569928,,,,,,,
60,0.390979625,0.641888548,0.574611643,0.394834756,,,,,,,
60,0.374074692,0.629911907,0.563728501,0.425257168,,,,,,,
60,0.386929534,0.627437395,0.559673832,0.476253009,,,,,,,
60,0.37721904,0.628724141,0.561337732,0.459400306,,,,,,,
60,0.381119,0.633376225,0.567399096,0.404464872,,,,,,,
60,0.37724786,0.637533406,0.572132973,0.376012257,,,,,,,
60,0.371103878,0.627437395,0.560791421,0.449113592,,,,,,,
60,0.390992284,0.629614966,0.562358619,0.451302254,,,,,,,
60,0.386324883,0.620409779,0.553623612,0.49792077,,,,,,,
60,0.387447258,0.641888548,0.577128954,0.349310571,,,,,,,
60,0.375021708,0.634662971,0.568465377,0.403370541,,,,,,,
60,0.38688065,0.636741562,0.569657524,0.412344058,,,,,,,
60,0.377295076,0.623577155,0.555668605,0.505799956,,,,,,,
60,0.377353788,0.62258735,0.55542522,0.49266798,,,,,,,
60,0.387760177,0.63050579,0.561506769,0.487415189,,,,,,,
60,0.380746469,0.624368999,0.556413994,0.501422631,,,,,,,
60,0.373929702,0.639216074,0.578225533,0.292624207,,,,,,,
60,0.386186671,0.62644759,0.558241758,0.493762311,,,,,,,
60,0.387327986,0.61259032,0.546042457,0.556795798,,,,,,,
60,0.376061026,0.639414035,0.577450652,0.308382578,,,,,,,
60,0.380992603,0.639809957,0.576279528,0.334208798,,,,,,,
60,0.378398972,0.631198654,0.565460475,0.40927993,,,,,,,
60,0.379830786,0.634168069,0.567309175,0.419347779,,,,,,,
60,0.377076428,0.636741562,0.572232042,0.362004815,,,,,,,
60,0.386906705,0.633079283,0.565184513,0.447143795,,,,,,,
60,0.375786898,0.630109868,0.564898596,0.402932808,,,,,,,
70,0.375848934,0.634895472,0.569396143,0.386368617,,,,,,,
70,0.380416133,0.633706529,0.565785476,0.442472058,,,,,,,
70,0.378252417,0.623600515,0.557219892,0.46307254,,,,,,,
70,0.37800091,0.631923115,0.564634146,0.437650668,,,,,,,
70,0.363630919,0.625879322,0.560269567,0.430856892,,,,,,,
70,0.383819936,0.626771029,0.559332141,0.47008547,,,,,,,
70,0.385106745,0.622510651,0.554875383,0.503616042,,,,,,,
70,0.377961591,0.628158129,0.56033969,0.470962086,,,,,,,
70,0.386084823,0.639254929,0.571539417,0.412228797,,,,,,,
70,0.38698351,0.631526801,0.563765488,0.450361604,,,,,,,
70,0.386436252,0.632418508,0.563895131,0.462853386,,,,,,,
70,0.38738298,0.630734172,0.561470588,0.490247644,,,,,,,
70,0.382114867,0.627464579,0.560916401,0.444444444,,,,,,,
70,0.370094545,0.634697315,0.569106974,0.388998466,,,,,,,
70,0.373982114,0.620925394,0.553120946,0.520271751,,,,,,,
70,0.372790425,0.632616665,0.566023166,0.419022573,,,,,,,
70,0.38406242,0.632814822,0.566485648,0.412447951,,,,,,,
70,0.381003509,0.639651243,0.576301912,0.329826868,,,,,,,
70,0.379058767,0.626275637,0.558273169,0.487398641,,,,,,,
70,0.389126389,0.638065986,0.569849555,0.427569581,,,,,,,
70,0.390481768,0.627959972,0.56038864,0.466140697,,,,,,,
70,0.381205772,0.639354008,0.573946483,0.367740522,,,,,,,
70,0.378024419,0.633508372,0.565178033,0.452553145,,,,,,,
70,0.393394544,0.638165065,0.568962907,0.447512601,,,,,,,
70,0.382129665,0.628950758,0.560129374,0.490685952,,,,,,,
70,0.383430034,0.638065986,0.569571865,0.433267587,,,,,,,
70,0.383865468,0.639750322,0.572275066,0.405435021,,,,,,,
70,0.379395043,0.632418508,0.564670205,0.445321061,,,,,,,
70,0.388870904,0.640245715,0.572203285,0.414420337,,,,,,,
70,0.382957165,0.635093629,0.568514481,0.407407407,,,,,,,
70,0.380396553,0.631824036,0.564137513,0.447074293,,,,,,,
70,0.379088677,0.626374715,0.558235294,0.490247644,,,,,,,
70,0.384918148,0.634499158,0.568196005,0.40433925,,,,,,,
70,0.385416592,0.616466858,0.549301795,0.53802323,,,,,,,
70,0.386408322,0.634994551,0.565981084,0.459785229,,,,,,,
70,0.390366258,0.643218072,0.576665604,0.374972606,,,,,,,
70,0.384418788,0.632517586,0.564017991,0.461757616,,,,,,,
70,0.385724527,0.620727237,0.552885307,0.5229016,,,,,,,
70,0.384367712,0.639849401,0.574478331,0.365329827,,,,,,,
70,0.373235622,0.624393144,0.556515373,0.496822266,,,,,,,
70,0.370964492,0.628752601,0.562347188,0.434144203,,,,,,,
70,0.368660816,0.631526801,0.566248038,0.396011396,,,,,,,
70,0.38471384,0.631724958,0.563021454,0.470962086,,,,,,,
70,0.385190608,0.630734172,0.562109955,0.47490686,,,,,,,
70,0.37593643,0.629446151,0.561592576,0.46416831,,,,,,,
70,0.383725474,0.632418508,0.563666219,0.468113083,,,,,,,
70,0.381169193,0.626176558,0.559238152,0.461319307,,,,,,,
70,0.384789211,0.628554444,0.559590044,0.496822266,,,,,,,
70,0.386147204,0.638264143,0.57125,0.402586018,,,,,,,
70,0.379637159,0.635192708,0.568220536,0.4150778,,,,,,,
70,0.384811739,0.634003765,0.565684051,0.449704142,,,,,,,
70,0.372546289,0.630040622,0.563080201,0.440061363,,,,,,,
70,0.384440507,0.636579808,0.568226864,0.437431514,,,,,,,
70,0.379194687,0.635787179,0.569765613,0.393162393,,,,,,,
70,0.382088373,0.617457644,0.550795948,0.514354591,,,,,,,
70,0.381724006,0.625582087,0.557919622,0.483234714,,,,,,,
70,0.386888656,0.625681165,0.557746064,0.489590182,,,,,,,
70,0.381705678,0.632715744,0.564283569,0.459127767,,,,,,,
70,0.372899981,0.633904686,0.566933991,0.420994959,,,,,,,
70,0.395515788,0.633211136,0.564110201,0.471619549,,,,,,,
70,0.375910908,0.628752601,0.563670412,0.40433925,,,,,,,
70,0.375921785,0.628356287,0.562250843,0.429322814,,,,,,,
70,0.381787135,0.623402358,0.555766979,0.497260574,,,,,,,
70,0.385247973,0.640939265,0.577847786,0.321718168,,,,,,,
70,0.395477764,0.628455365,0.56033843,0.476440938,,,,,,,
70,0.386226768,0.629545229,0.560820785,0.484549638,,,,,,,
70,0.38002545,0.631724958,0.567442602,0.374534298,,,,,,,
70,0.38833836,0.637471515,0.568881439,0.438088977,,,,,,,
70,0.382290102,0.645298722,0.582591161,0.304185843,,,,,,,
70,0.37638802,0.631427722,0.564223678,0.438308131,,,,,,,
70,0.380652514,0.634400079,0.568535092,0.395792242,,,,,,,
70,0.372552705,0.618349351,0.550547419,0.541310541,,,,,,,
70,0.380292973,0.636877043,0.570134333,0.403024326,,,,,,,
70,0.382056453,0.617655801,0.550343249,0.532325225,,,,,,,
70,0.378658981,0.625978401,0.558146399,0.484987947,,,,,,,
70,0.378265994,0.638858615,0.574828823,0.344291037,,,,,,,
70,0.371324361,0.635390865,0.568375407,0.4150778,,,,,,,
70,0.384196042,0.638462301,0.572631914,0.378917379,,,,,,,
70,0.387357834,0.631427722,0.563278787,0.459785229,,,,,,,
70,0.373409444,0.628752601,0.560750447,0.471838703,,,,,,,
70,0.387462476,0.637273358,0.569792634,0.41617357,,,,,,,
70,0.383787576,0.639155851,0.576002641,0.327854482,,,,,,,
70,0.390430503,0.637768751,0.569715603,0.425597195,,,,,,,
70,0.378862023,0.641038343,0.580232161,0.283804515,,,,,,,
70,0.381374182,0.628158129,0.560106857,0.476660092,,,,,,,
70,0.378420304,0.627068265,0.559904034,0.461538462,,,,,,,
70,0.393509626,0.627068265,0.558862531,0.487398641,,,,,,,
70,0.378242943,0.635886258,0.569158879,0.406969099,,,,,,,
70,0.374859636,0.633012979,0.566723629,0.410694718,,,,,,,
70,0.383360557,0.634598236,0.56651969,0.441376288,,,,,,,
70,0.377987912,0.629644308,0.562095439,0.455840456,,,,,,,
70,0.365121212,0.618052115,0.551274623,0.513039667,,,,,,,
70,0.390636918,0.631031408,0.561864032,0.486083717,,,,,,,
70,0.378533228,0.635390865,0.569429156,0.393600701,,,,,,,
70,0.384423616,0.616764094,0.549678342,0.532982687,,,,,,,
70,0.388064946,0.636678886,0.56954362,0.411790489,,,,,,,
70,0.384995753,0.643118993,0.576040513,0.384834539,,,,,,,
70,0.391495084,0.631526801,0.562555588,0.478413325,,,,,,,
70,0.380790166,0.633012979,0.565522502,0.436554898,,,,,,,
70,0.386313254,0.638065986,0.570043103,0.423624808,,,,,,,
80,0.391878695,0.638500446,0.571250584,0.408114035,,,,,,,
80,0.385091861,0.64276505,0.576762821,0.368421053,,,,,,,
80,0.384695466,0.638599623,0.571540144,0.403947368,,,,,,,
80,0.386853684,0.63274819,0.564503989,0.456798246,,,,,,,
80,0.374455246,0.635326788,0.568545257,0.4125,,,,,,,
80,0.380079146,0.629078647,0.561048243,0.472807018,,,,,,,
80,0.380215617,0.636913617,0.5686574,0.435745614,,,,,,,
80,0.375790545,0.632351483,0.566964987,0.396710526,,,,,,,
80,0.385356484,0.632549836,0.56612529,0.417763158,,,,,,,
80,0.377632663,0.630665477,0.562462642,0.46754386,,,,,,,
80,0.381190527,0.641574928,0.574137931,0.399122807,,,,,,,
80,0.378046019,0.637607855,0.573467402,0.352192982,,,,,,,
80,0.383067517,0.635624318,0.570721584,0.373684211,,,,,,,
80,0.386716979,0.638401269,0.57089668,0.413596491,,,,,,,
80,0.381917578,0.63493008,0.565548098,0.470394737,,,,,,,
80,0.382119257,0.639393038,0.574636511,0.35745614,,,,,,,
80,0.387003512,0.640781513,0.576161091,0.350438596,,,,,,,
80,0.375597418,0.63463255,0.568889588,0.394298246,,,,,,,
80,0.379245813,0.62461569,0.556412869,0.506359649,,,,,,,
80,0.383777761,0.637409501,0.570868611,0.398684211,,,,,,,
80,0.384550497,0.641475751,0.576941866,0.346710526,,,,,,,
80,0.380983204,0.630169592,0.560950565,0.49495614,,,,,,,
80,0.394177142,0.640384806,0.572854914,0.405701754,,,,,,,
80,0.373030306,0.626202519,0.559969674,0.44627193,,,,,,,
80,0.367688741,0.633244074,0.566471314,0.421929825,,,,,,,
80,0.387949336,0.634434196,0.566091954,0.45,,,,,,,
80,0.384078646,0.638202916,0.570917574,0.410087719,,,,,,,
80,0.391136704,0.631657245,0.56240779,0.486403509,,,,,,,
80,0.379427049,0.636913617,0.570377329,0.400657895,,,,,,,
80,0.367208033,0.628582763,0.561996044,0.441447368,,,,,,,
80,0.381360231,0.639888922,0.574260592,0.371710526,,,,,,,
80,0.387894889,0.62679758,0.558508295,0.493640351,,,,,,,
80,0.382248451,0.639492215,0.571472724,0.419078947,,,,,,,
80,0.389290112,0.628186056,0.559641124,0.491008772,,,,,,,
80,0.379620676,0.629971239,0.562023044,0.465570175,,,,,,,
80,0.380899548,0.63245066,0.56519084,0.436403509,,,,,,,
80,0.369411523,0.624516513,0.558283133,0.456140351,,,,,,,
80,0.374875089,0.633442428,0.571193144,0.330701754,,,,,,,
80,0.380250138,0.631756422,0.564430245,0.441447368,,,,,,,
80,0.381393482,0.637707032,0.571316245,0.394517544,,,,,,,
80,0.386073579,0.635525141,0.567650206,0.434429825,,,,,,,
80,0.375839319,0.633541605,0.568705322,0.380482456,,,,,,,
80,0.37811255,0.627491818,0.560396635,0.459649123,,,,,,,
80,0.372460865,0.634335019,0.568946454,0.388377193,,,,,,,
80,0.388384242,0.637211147,0.569299324,0.427192982,,,,,,,
80,0.384298546,0.634731727,0.566550311,0.44495614,,,,,,,
80,0.382443547,0.636021025,0.567485593,0.446052632,,,,,,,
80,0.380480178,0.639095507,0.57243983,0.394078947,,,,,,,
80,0.378976448,0.632053952,0.565324316,0.426754386,,,,,,,
80,0.378137754,0.629177824,0.561535002,0.462938596,,,,,,,
80,0.375625332,0.634830904,0.569993622,0.375438596,,,,,,,
80,0.381400913,0.638202916,0.571630537,0.396052632,,,,,,,
80,0.387781778,0.636715263,0.568275232,0.440570175,,,,,,,
80,0.38120355,0.635525141,0.568679187,0.412938596,,,,,,,
80,0.374064013,0.634830904,0.573044925,0.317982456,,,,,,,
80,0.379583178,0.629673708,0.562880633,0.440350877,,,,,,,
80,0.383976637,0.637409501,0.570142768,0.413157895,,,,,,,
80,0.386381689,0.644351879,0.579601177,0.341666667,,,,,,,
80,0.384552116,0.638599623,0.572012579,0.394736842,,,,,,,
80,0.3845496,0.644153526,0.579541735,0.339912281,,,,,,,
80,0.382246025,0.64058316,0.573331244,0.399561404,,,,,,,
80,0.387195145,0.637508678,0.569905762,0.419517544,,,,,,,
80,0.380354001,0.641773282,0.580639673,0.289035088,,,,,,,
80,0.366053931,0.63245066,0.566781358,0.402192982,,,,,,,
80,0.377337947,0.625508281,0.558281296,0.475,,,,,,,
80,0.377257254,0.636219379,0.5684469,0.428947368,,,,,,,
80,0.382399563,0.630963007,0.564075149,0.435745614,,,,,,,
80,0.37854791,0.624417336,0.557115413,0.483991228,,,,,,,
80,0.361441945,0.625309928,0.56088446,0.408333333,,,,,,,
80,0.371514636,0.636318556,0.572519084,0.350219298,,,,,,,
80,0.388464249,0.640781513,0.573166927,0.405701754,,,,,,,
80,0.378204994,0.639393038,0.572413793,0.399122807,,,,,,,
80,0.384645585,0.632053952,0.56502448,0.433333333,,,,,,,
80,0.375360646,0.633244074,0.56759724,0.398245614,,,,,,,
80,0.368541195,0.633144897,0.570056957,0.347587719,,,,,,,
80,0.381879229,0.620251909,0.55291733,0.514692982,,,,,,,
80,0.382898361,0.618268373,0.550547419,0.542324561,,,,,,,
80,0.386497909,0.632252306,0.563279857,0.476315789,,,,,,,
80,0.375851998,0.638202916,0.571272273,0.403070175,,,,,,,
80,0.373886594,0.61866508,0.55125448,0.529605263,,,,,,,
80,0.378605629,0.638797977,0.572557698,0.387280702,,,,,,,
80,0.382208043,0.633442428,0.565217391,0.452631579,,,,,,,
80,0.381427732,0.638004562,0.569359756,0.438596491,,,,,,,
80,0.381873405,0.632946544,0.564421779,0.462061404,,,,,,,
80,0.378238625,0.624714867,0.557703748,0.474561404,,,,,,,
80,0.380949305,0.627590995,0.559550229,0.482236842,,,,,,,
80,0.377107395,0.616879897,0.549821301,0.533991228,,,,,,,
80,0.376422848,0.639095507,0.578866244,0.280482456,,,,,,,
80,0.384556368,0.616086482,0.548941611,0.543640351,,,,,,,
80,0.372405149,0.617871665,0.550681004,0.529605263,,,,,,,
80,0.385262886,0.62650005,0.557669959,0.509649123,,,,,,,
80,0.386719916,0.639194684,0.572644185,0.391666667,,,,,,,
80,0.383679191,0.639293861,0.571186179,0.421710526,,,,,,,
80,0.385735456,0.610036695,0.543928372,0.56754386,,,,,,,
80,0.377273892,0.622830507,0.555022532,0.508552632,,,,,,,
80,0.386438773,0.625409104,0.557581997,0.491008772,,,,,,,
80,0.378756402,0.633442428,0.565793482,0.439912281,,,,,,,
80,0.388570974,0.631161361,0.562416506,0.477412281,,,,,,,
80,0.378501816,0.622334623,0.555457227,0.486842105,,,,,,,
80,0.379547501,0.633442428,0.566790353,0.418421053,,,,,,,
90,0.383207117,0.630993746,0.563044131,0.461926706,,,,,,,
90,0.379187953,0.634964757,0.567713143,0.425938117,,,,,,,
90,0.383947843,0.636453887,0.569649805,0.409918806,,,,,,,
90,0.381777177,0.631490122,0.563927977,0.450296248,,,,,,,
90,0.383644325,0.637148814,0.570161792,0.410577134,,,,,,,
90,0.368473082,0.634170555,0.568769716,0.391266184,,,,,,,
90,0.366934934,0.624441576,0.557743957,0.470704411,,,,,,,
90,0.385997828,0.631291572,0.562177312,0.487601492,,,,,,,
90,0.366437715,0.628710414,0.561400872,0.459951723,,,,,,,
90,0.387308285,0.632482875,0.564160288,0.462146149,,,,,,,
90,0.378086832,0.631589397,0.564877301,0.430765855,,,,,,,
90,0.387232655,0.636950263,0.568472307,0.442176871,,,,,,,
90,0.381834281,0.633376353,0.567373674,0.407066052,,,,,,,
90,0.381647541,0.625930706,0.558108705,0.489795918,,,,,,,
90,0.375540286,0.623548099,0.55542675,0.514373491,,,,,,,
90,0.380083442,0.63258215,0.56482884,0.448760149,,,,,,,
90,0.391000958,0.638240842,0.570589145,0.419135396,,,,,,,
90,0.378962916,0.637248089,0.575438596,0.313364055,,,,,,,
90,0.371263605,0.62751911,0.559851301,0.475751591,,,,,,,
90,0.386917205,0.630596644,0.561452514,0.492648672,,,,,,,
90,0.373314035,0.624739402,0.55749593,0.482773755,,,,,,,
90,0.385928767,0.634567656,0.565746022,0.461926706,,,,,,,
90,0.385892373,0.632185049,0.563506261,0.472021066,,,,,,,
90,0.379408242,0.633972004,0.56594906,0.447443494,,,,,,,
90,0.371175497,0.630596644,0.563875306,0.436032478,,,,,,,
90,0.380567561,0.628908965,0.561256545,0.466973886,,,,,,,
90,0.387142277,0.620172739,0.552386412,0.53105113,,,,,,,
90,0.376695397,0.628114762,0.559292294,0.500768049,,,,,,,
90,0.377463284,0.634666931,0.568569195,0.403335528,,,,,,,
90,0.385512699,0.638141567,0.569195751,0.446126838,,,,,,,
90,0.376675277,0.628809689,0.561392975,0.461926706,,,,,,,
90,0.360823173,0.626129256,0.560409348,0.436690805,,,,,,,
90,0.375385669,0.633674178,0.567032627,0.419135396,,,,,,,
90,0.374574968,0.635461134,0.568743203,0.412552118,,,,,,,
90,0.383669143,0.633475628,0.564484867,0.471801624,,,,,,,
90,0.386269767,0.634666931,0.567018187,0.435813035,,,,,,,
90,0.377121796,0.619279261,0.55210739,0.520298442,,,,,,,
90,0.375831732,0.6239452,0.557430919,0.469168312,,,,,,,
90,0.373628162,0.628809689,0.561782477,0.452710116,,,,,,,
90,0.379914464,0.627916212,0.559163376,0.500329164,,,,,,,
90,0.38164996,0.63258215,0.5658867,0.425499232,,,,,,,
90,0.371892189,0.62732056,0.560603774,0.453807329,,,,,,,
90,0.378994033,0.633475628,0.565342197,0.452490674,,,,,,,
90,0.376926109,0.63595751,0.569013648,0.414965986,,,,,,,
90,0.385192639,0.629107515,0.560662036,0.484968181,,,,,,,
90,0.383604798,0.627419835,0.560233743,0.464560018,,,,,,,
90,0.382050556,0.635560409,0.569697923,0.394777266,,,,,,,
90,0.389988385,0.636553162,0.56873274,0.430326969,,,,,,,
90,0.374893839,0.631787948,0.56477238,0.436471363,,,,,,,
90,0.372451782,0.632780701,0.564183124,0.466754444,,,,,,,
90,0.375804531,0.640722724,0.575523349,0.362738644,,,,,,,
90,0.378322223,0.626029981,0.558814771,0.473776607,,,,,,,
90,0.374165962,0.635163308,0.57306163,0.324555629,,,,,,,
90,0.38314237,0.639035044,0.572189998,0.399824446,,,,,,,
90,0.382148317,0.642013303,0.576656457,0.361202546,,,,,,,
90,0.373088646,0.63258215,0.565184283,0.440860215,,,,,,,
90,0.389044702,0.638737218,0.570855202,0.421549265,,,,,,,
90,0.383690512,0.630398094,0.562016657,0.475532148,,,,,,,
90,0.386797123,0.640325623,0.574696097,0.371955234,,,,,,,
90,0.37661822,0.637843741,0.572338055,0.378757955,,,,,,,
90,0.374045804,0.630596644,0.5636419,0.4412991,,,,,,,
90,0.380363379,0.631589397,0.563916591,0.452271231,,,,,,,
90,0.368176848,0.630100268,0.563580719,0.434057494,,,,,,,
90,0.372194421,0.6323836,0.564736204,0.447443494,,,,,,,
90,0.375796424,0.634865482,0.568661147,0.404652183,,,,,,,
90,0.375069663,0.637049538,0.570978415,0.392802282,,,,,,,
90,0.374412804,0.631688673,0.564646619,0.437568576,,,,,,,
90,0.368071106,0.625732155,0.559450068,0.452490674,,,,,,,
90,0.367556811,0.629405341,0.562198068,0.453587887,,,,,,,
90,0.382735564,0.634865482,0.566460003,0.451174018,,,,,,,
90,0.37077593,0.62225752,0.555099648,0.49747641,,,,,,,
90,0.37509454,0.633475628,0.565322459,0.452929559,,,,,,,
90,0.374550894,0.633078527,0.56673384,0.415624314,,,,,,,
90,0.387971497,0.640027797,0.576726553,0.33135835,,,,,,,
90,0.378105276,0.636156061,0.568573186,0.427254773,,,,,,,
90,0.383698129,0.630298819,0.563326745,0.443274084,,,,,,,
90,0.377156957,0.627221285,0.559249409,0.485187623,,,,,,,
90,0.379885155,0.630298819,0.561969945,0.47487382,,,,,,,
90,0.38710744,0.624342301,0.556267288,0.507351328,,,,,,,
90,0.380861995,0.633773454,0.566442131,0.433399166,,,,,,,
90,0.384936989,0.639531421,0.571099509,0.429010314,,,,,,,
90,0.379455815,0.630298819,0.562622162,0.459512837,,,,,,,
90,0.381354517,0.633078527,0.56531634,0.44634628,,,,,,,
90,0.389663012,0.634468381,0.566378395,0.44634628,,,,,,,
90,0.383457087,0.634468381,0.566459061,0.44459074,,,,,,,
90,0.374353763,0.615903902,0.548822027,0.546192671,,,,,,,
90,0.380245244,0.641715477,0.577148438,0.348255431,,,,,,,
90,0.374824888,0.63089447,0.563608795,0.447224051,,,,,,,
90,0.384288674,0.627816936,0.560298507,0.470265526,,,,,,,
90,0.367516984,0.629802442,0.563908614,0.421549265,,,,,,,
90,0.390805211,0.617988683,0.549964764,0.556945359,,,,,,,
90,0.382191209,0.632482875,0.565376969,0.434935264,,,,,,,
90,0.380690596,0.629703167,0.562003299,0.463462804,,,,,,,
90,0.372747508,0.637744465,0.573367809,0.357910906,,,,,,,
90,0.381801548,0.633078527,0.564727109,0.459512837,,,,,,,
90,0.38539314,0.628809689,0.561392975,0.461926706,,,,,,,
90,0.383010206,0.634567656,0.567655236,0.420671494,,,,,,,
90,0.377190958,0.625037228,0.55711775,0.49835418,,,,,,,
90,0.374504585,0.640027797,0.575482406,0.353302611,,,,,,,
90,0.383675537,0.633872729,0.565684051,0.451612903,,,,,,,
100,0.361653476,0.629931432,0.56383469,0.428979144,,,,,,,
100,0.374870992,0.632813276,0.566604709,0.417343578,,,,,,,
100,0.374097158,0.631422041,0.565928928,0.40856202,,,,,,,
100,0.384549625,0.639272583,0.572412713,0.40219539,,,,,,,
100,0.376368399,0.640663818,0.575107983,0.37233809,,,,,,,
100,0.376433168,0.623770247,0.556090445,0.504939627,,,,,,,
100,0.370570831,0.629832058,0.563572304,0.433150384,,,,,,,
100,0.374543049,0.631123919,0.56552153,0.412294182,,,,,,,
100,0.386526271,0.620987777,0.553440069,0.522063666,,,,,,,
100,0.378897576,0.613435357,0.547156432,0.547969265,,,,,,,
100,0.378419964,0.631422041,0.562815563,0.478375412,,,,,,,
100,0.380195887,0.637781974,0.571676118,0.39363337,,,,,,,
100,0.368317772,0.629732684,0.562265285,0.461470911,,,,,,,
100,0.381328612,0.632217033,0.564638208,0.450274424,,,,,,,
100,0.380924494,0.618702176,0.551212553,0.538968167,,,,,,,
100,0.36739073,0.629732684,0.562965213,0.445225027,,,,,,,
100,0.378903958,0.627943953,0.560387193,0.474204171,,,,,,,
100,0.3751873,0.627546457,0.559662872,0.484742042,,,,,,,
100,0.372927662,0.630428302,0.562876053,0.45949506,,,,,,,
100,0.380224562,0.63619199,0.569604485,0.409879254,,,,,,,
100,0.379391156,0.632117659,0.564377358,0.454445664,,,,,,,
100,0.369426184,0.634403259,0.568587535,0.401975851,,,,,,,
100,0.379206972,0.638775713,0.572418136,0.394511526,,,,,,,
100,0.379503587,0.635993243,0.569949812,0.399780461,,,,,,,
100,0.380531748,0.635595747,0.569483568,0.402854007,,,,,,,
100,0.380667822,0.634701381,0.567834542,0.422392975,,,,,,,
100,0.370931219,0.609659147,0.543547715,0.580461032,,,,,,,
100,0.379344685,0.633310146,0.566000305,0.438638858,,,,,,,
100,0.372673651,0.636589486,0.57011243,0.405927552,,,,,,,
100,0.379228882,0.614031601,0.54677262,0.574753019,,,,,,,
100,0.378219232,0.628540197,0.560743494,0.476399561,,,,,,,
100,0.385888886,0.633111398,0.566170833,0.431613611,,,,,,,
100,0.381884485,0.628639571,0.560592593,0.481888035,,,,,,,
100,0.385601278,0.637583226,0.569270674,0.438858397,,,,,,,
100,0.366140576,0.627347709,0.560957141,0.449615807,,,,,,,
100,0.380713542,0.638676339,0.571965544,0.401756312,,,,,,,
100,0.374458564,0.638974461,0.573571657,0.375631175,,,,,,,
100,0.368085567,0.627546457,0.561275626,0.445664105,,,,,,,
100,0.385545781,0.625360231,0.557324376,0.503183315,,,,,,,
100,0.376214572,0.642750671,0.5768,0.372118551,,,,,,,
100,0.382401701,0.626254596,0.558108899,0.499890231,,,,,,,
100,0.369318292,0.617708437,0.550441721,0.540724479,,,,,,,
100,0.371987666,0.627248335,0.56146789,0.435784852,,,,,,,
100,0.381620787,0.637881348,0.570762778,0.413172338,,,,,,,
100,0.378582889,0.627844579,0.560429722,0.471350165,,,,,,,
100,0.378547291,0.63390639,0.565815324,0.452689352,,,,,,,
100,0.380187822,0.615422836,0.548327924,0.555872667,,,,,,,
100,0.383417132,0.625658352,0.557035321,0.516575192,,,,,,,
100,0.383727417,0.626055848,0.557928613,0.500768386,,,,,,,
100,0.377012044,0.630428302,0.562781616,0.46169045,,,,,,,
100,0.380592308,0.636788234,0.572440438,0.36377607,,,,,,,
100,0.376983527,0.631620789,0.564931087,0.433589462,,,,,,,
100,0.369904596,0.617211567,0.550553718,0.526454446,,,,,,,
100,0.384023769,0.632415781,0.565025828,0.445005488,,,,,,,
100,0.379112854,0.62913644,0.561098738,0.478594951,,,,,,,
100,0.38402493,0.629832058,0.562707767,0.452908891,,,,,,,
100,0.377346311,0.631024545,0.563403614,0.457738749,,,,,,,
100,0.376152843,0.624167743,0.556596866,0.499231614,,,,,,,
100,0.375360634,0.622180264,0.555051908,0.501427003,,,,,,,
100,0.370055383,0.626751466,0.560211002,0.456641054,,,,,,,
100,0.364033552,0.627645831,0.56244204,0.420417124,,,,,,,
100,0.380123479,0.63619199,0.570349386,0.394950604,,,,,,,
100,0.368085093,0.630527676,0.564893782,0.415806806,,,,,,,
100,0.378320202,0.637384478,0.572923374,0.36377607,,,,,,,
100,0.383433464,0.636092617,0.568936236,0.421953897,,,,,,,
100,0.37224917,0.630527676,0.563805458,0.439956092,,,,,,,
100,0.379498209,0.639570705,0.573767886,0.38090011,,,,,,,
100,0.375319293,0.626751466,0.561775166,0.419758507,,,,,,,
100,0.379552648,0.638477591,0.573749397,0.364873765,,,,,,,
100,0.375440032,0.63062705,0.56310241,0.457738749,,,,,,,
100,0.372088182,0.629335188,0.562775833,0.44259056,,,,,,,
100,0.38454269,0.627447083,0.558935361,0.501207464,,,,,,,
100,0.383337118,0.621484647,0.553638194,0.526673985,,,,,,,
100,0.379237365,0.64046507,0.573123147,0.406586169,,,,,,,
100,0.36872625,0.63291265,0.568041726,0.389023052,,,,,,,
100,0.38075693,0.643843784,0.580957145,0.316575192,,,,,,,
100,0.381735076,0.634999503,0.566216216,0.462129528,,,,,,,
100,0.373880967,0.636887608,0.572045418,0.372777168,,,,,,,
100,0.378513038,0.613932227,0.547396718,0.551701427,,,,,,,
100,0.382912068,0.634602007,0.567207593,0.43402854,,,,,,,
100,0.380268441,0.635496373,0.568220274,0.427222832,,,,,,,
100,0.376193739,0.629931432,0.563232385,0.44259056,,,,,,,
100,0.383795575,0.63390639,0.566948501,0.428100988,,,,,,,
100,0.372230671,0.635098877,0.56982445,0.388144896,,,,,,,
100,0.37722782,0.638576965,0.572169811,0.396267838,,,,,,,
100,0.372314573,0.623273378,0.556342183,0.488474204,,,,,,,
100,0.368606595,0.639570705,0.576795763,0.326454446,,,,,,,
100,0.379326108,0.637980721,0.571946986,0.39143798,,,,,,,
100,0.380360683,0.620987777,0.553271028,0.526893524,,,,,,,
100,0.368150034,0.634900129,0.5693155,0.395170143,,,,,,,
100,0.372729663,0.637285104,0.574387638,0.335455543,,,,,,,
100,0.383656437,0.637980721,0.570610096,0.417782656,,,,,,,
100,0.381438574,0.63619199,0.568960197,0.423051592,,,,,,,
100,0.378924491,0.623670873,0.556058394,0.503841932,,,,,,,
100,0.383834293,0.642949419,0.577856912,0.356311745,,,,,,,
100,0.377992111,0.626552718,0.559433259,0.472008782,,,,,,,
100,0.37403853,0.639570705,0.573721004,0.381778266,,,,,,,
100,0.382391639,0.617609063,0.550148957,0.547530187,,,,,,,
100,0.375898336,0.63062705,0.563852484,0.440614709,,,,,,,
100,0.387251479,0.632316407,0.563872703,0.469374314,,,,,,,
110,0.379483351,0.633542226,0.567219724,0.417051198,,,,,,,
110,0.387116749,0.626280712,0.558658392,0.487145682,,,,,,,
110,0.36655663,0.622102855,0.55688351,0.452428038,,,,,,,
110,0.367260982,0.638814284,0.572923272,0.386068996,,,,,,,
110,0.367834671,0.625882821,0.559902942,0.448912327,,,,,,,
110,0.375939984,0.612056103,0.545761282,0.562953197,,,,,,,
110,0.377293196,0.634139063,0.567371508,0.423643155,,,,,,,
110,0.373364368,0.635929573,0.568025653,0.43902439,,,,,,,
110,0.37559504,0.627374913,0.560281564,0.467150077,,,,,,,
110,0.377649712,0.629861733,0.56220024,0.466051417,,,,,,,
110,0.3718345,0.619317617,0.552281918,0.521423863,,,,,,,
110,0.375574775,0.634139063,0.566106315,0.450889914,,,,,,,
110,0.381895148,0.631751716,0.563940352,0.458800264,,,,,,,
110,0.374961602,0.638217448,0.578253425,0.283234454,,,,,,,
110,0.374394074,0.626280712,0.558485563,0.491540321,,,,,,,
110,0.369823187,0.635133791,0.569407326,0.397714788,,,,,,,
110,0.369498255,0.626181239,0.558403299,0.491760053,,,,,,,
110,0.363989013,0.62727544,0.561392792,0.438804658,,,,,,,
110,0.385218595,0.63722272,0.567908654,0.462535706,,,,,,,
110,0.37926689,0.61872078,0.551271065,0.538562953,,,,,,,
110,0.382208329,0.633542226,0.565971694,0.443858493,,,,,,,
110,0.370762896,0.627772804,0.56052671,0.468468468,,,,,,,
110,0.375449026,0.633940117,0.568853755,0.389804439,,,,,,,
110,0.37794459,0.626877549,0.559206631,0.484508899,,,,,,,
110,0.375760237,0.632149607,0.564494178,0.453087234,,,,,,,
110,0.373252931,0.631055406,0.563346374,0.460338387,,,,,,,
110,0.371045585,0.635531682,0.567886117,0.435508679,,,,,,,
110,0.372770863,0.628469114,0.562982402,0.423423423,,,,,,,
110,0.389648211,0.638913757,0.571539537,0.414414414,,,,,,,
110,0.369103466,0.627374913,0.560245472,0.468029005,,,,,,,
110,0.374730795,0.62548493,0.55808454,0.486706218,,,,,,,
110,0.376749462,0.62976226,0.561764268,0.474620962,,,,,,,
110,0.373322699,0.622102855,0.554667054,0.511316194,,,,,,,
110,0.376410214,0.612752412,0.546640204,0.549989013,,,,,,,
110,0.37222656,0.621704964,0.55451895,0.50736102,,,,,,,
110,0.367292646,0.6358301,0.569661866,0.40364755,,,,,,,
110,0.373544597,0.629165423,0.561116887,0.479455065,,,,,,,
110,0.373984071,0.633343281,0.56782186,0.401230499,,,,,,,
110,0.38174294,0.630756988,0.562286563,0.479894529,,,,,,,
110,0.375362012,0.63045857,0.561816031,0.485827291,,,,,,,
110,0.373550153,0.621804436,0.5546476,0.505822896,,,,,,,
110,0.369138127,0.633840645,0.566270567,0.442320369,,,,,,,
110,0.376677535,0.631154879,0.562976244,0.470665788,,,,,,,
110,0.379379535,0.636824828,0.569316081,0.42649967,,,,,,,
110,0.372479604,0.636625883,0.569247378,0.424741815,,,,,,,
110,0.384512749,0.637819556,0.570498915,0.418149857,,,,,,,
110,0.375906974,0.622202328,0.554164868,0.527356625,,,,,,,
110,0.376860614,0.636625883,0.569720497,0.41507361,,,,,,,
110,0.366585625,0.63045857,0.565868263,0.394418809,,,,,,,
110,0.376508143,0.630160151,0.563597496,0.43902439,,,,,,,
110,0.371378999,0.629364369,0.562170309,0.457921336,,,,,,,
110,0.37490311,0.615040286,0.548291023,0.549329818,,,,,,,
110,0.374291987,0.635631155,0.568944099,0.41507361,,,,,,,
110,0.372774002,0.625186511,0.557683807,0.491320589,,,,,,,
110,0.375847295,0.629861733,0.562125749,0.467809273,,,,,,,
110,0.378337013,0.638018502,0.570895522,0.413315755,,,,,,,
110,0.37123331,0.632945389,0.566837448,0.415293342,,,,,,,
110,0.375725808,0.617825525,0.550882733,0.530872336,,,,,,,
110,0.371821157,0.635929573,0.571936057,0.360799824,,,,,,,
110,0.372458004,0.633343281,0.566202357,0.435508679,,,,,,,
110,0.36866523,0.621406545,0.553946416,0.517248956,,,,,,,
110,0.374100959,0.631254352,0.563344341,0.463854098,,,,,,,
110,0.372322919,0.630558042,0.562602842,0.468907932,,,,,,,
110,0.379766016,0.620610763,0.553351672,0.51768842,,,,,,,
110,0.381672871,0.636327464,0.570728623,0.390243902,,,,,,,
110,0.372414127,0.631950661,0.564892481,0.440782246,,,,,,,
110,0.37235374,0.634636427,0.567104861,0.437486267,,,,,,,
110,0.382862378,0.639212175,0.573684211,0.377719183,,,,,,,
110,0.381912901,0.614841341,0.547891099,0.557679631,,,,,,,
110,0.379188261,0.6347359,0.567294442,0.435069216,,,,,,,
110,0.372988116,0.62906595,0.562178517,0.452428038,,,,,,,
110,0.370719133,0.630160151,0.563519902,0.440782246,,,,,,,
110,0.36886543,0.633442753,0.565625947,0.449791255,,,,,,,
110,0.377512582,0.636725356,0.569874087,0.413535487,,,,,,,
110,0.375784016,0.634139063,0.567642957,0.417930125,,,,,,,
110,0.36733341,0.638217448,0.575787728,0.32498352,,,,,,,
110,0.379110283,0.62548493,0.556907037,0.517468688,,,,,,,
110,0.371878221,0.627374913,0.559673832,0.482091848,,,,,,,
110,0.384089751,0.623396001,0.555668753,0.509778071,,,,,,,
110,0.372505486,0.632845917,0.567271589,0.404526478,,,,,,,
110,0.376377035,0.630657515,0.56474042,0.422105032,,,,,,,
110,0.369090744,0.634437481,0.569019855,0.394418809,,,,,,,
110,0.382180741,0.638018502,0.570851461,0.414194682,,,,,,,
110,0.377128364,0.635531682,0.568834394,0.415732806,,,,,,,
110,0.361215142,0.62727544,0.560946028,0.449351791,,,,,,,
110,0.37715303,0.636029046,0.568279241,0.435288947,,,,,,,
110,0.363592962,0.636725356,0.575305746,0.311579873,,,,,,,
110,0.379671571,0.635730628,0.567686919,0.442979565,,,,,,,
110,0.363298404,0.625683875,0.558249556,0.486266755,,,,,,,
110,0.377446529,0.639809012,0.573459716,0.390903098,,,,,,,
110,0.37695586,0.63224908,0.56499239,0.443638761,,,,,,,
110,0.371262654,0.628668059,0.562366575,0.441001978,,,,,,,
110,0.367571812,0.628767532,0.561001043,0.475060426,,,,,,,
110,0.381115308,0.632050134,0.565197429,0.435728411,,,,,,,
110,0.376852888,0.636625883,0.570686398,0.395737201,,,,,,,
110,0.370516861,0.628966478,0.560644113,0.487365414,,,,,,,
110,0.372171427,0.632646971,0.566449814,0.418589321,,,,,,,
110,0.378597695,0.626877549,0.559329576,0.481432652,,,,,,,
110,0.37416279,0.638018502,0.570807453,0.41507361,,,,,,,
110,0.375523237,0.635631155,0.569855255,0.396616128,,,,,,,
120,0.37006831,0.623817584,0.556304985,0.500219974,,,,,,,
120,0.379322945,0.63168376,0.563885956,0.458205015,,,,,,,
120,0.381035396,0.63387434,0.566630885,0.434447866,,,,,,,
120,0.384440008,0.630688041,0.562211982,0.479762429,,,,,,,
120,0.362905579,0.621925719,0.554488578,0.511878575,,,,,,,
120,0.377899688,0.626705168,0.558819188,0.490321161,,,,,,,
120,0.366205028,0.633476053,0.567588686,0.407611087,,,,,,,
120,0.372893123,0.632281191,0.565625481,0.429608447,,,,,,,
120,0.373199749,0.619535995,0.551852382,0.53783546,,,,,,,
120,0.37019222,0.629094892,0.561627383,0.465244171,,,,,,,
120,0.364429455,0.631385044,0.566268844,0.400791905,,,,,,,
120,0.385590384,0.632181619,0.562555066,0.498020238,,,,,,,
120,0.380246833,0.615851837,0.548341765,0.56533216,,,,,,,
120,0.366321976,0.627302599,0.559970127,0.472723273,,,,,,,
120,0.368684869,0.634073484,0.56752985,0.418609767,,,,,,,
120,0.368302266,0.617146271,0.549836485,0.547074351,,,,,,,
120,0.376187412,0.635766205,0.567579909,0.445226573,,,,,,,
120,0.381711224,0.63925122,0.572210922,0.405851298,,,,,,,
120,0.379286388,0.639749079,0.575153871,0.358117026,,,,,,,
120,0.373265249,0.6343722,0.566453771,0.446546414,,,,,,,
120,0.372440945,0.616050981,0.548894558,0.552133744,,,,,,,
120,0.374020381,0.616250124,0.549064095,0.55125385,,,,,,,
120,0.369382092,0.622821866,0.555474239,0.502859657,,,,,,,
120,0.378342687,0.638454645,0.57283872,0.381654201,,,,,,,
120,0.376544986,0.639450363,0.572051721,0.412010559,,,,,,,
120,0.382669046,0.628397889,0.560601549,0.477342719,,,,,,,
120,0.369804556,0.628397889,0.56194825,0.445226573,,,,,,,
120,0.385774488,0.640545654,0.574050633,0.390233172,,,,,,,
120,0.379776259,0.61654884,0.549297773,0.550593929,,,,,,,
120,0.381215373,0.635865777,0.568585095,0.425648922,,,,,,,
120,0.387921523,0.634571343,0.565825068,0.463704355,,,,,,,
120,0.366061708,0.632480335,0.5657996,0.4291685,,,,,,,
120,0.376186734,0.629991039,0.561065333,0.494940607,,,,,,,
120,0.374084494,0.637757642,0.572017766,0.386713594,,,,,,,
120,0.369603678,0.62630688,0.55880172,0.483282006,,,,,,,
120,0.379335784,0.636961067,0.571247625,0.389353278,,,,,,,
120,0.374206921,0.628198745,0.559776207,0.494060713,,,,,,,
120,0.365862766,0.632082047,0.565350945,0.43224813,,,,,,,
120,0.375353467,0.634969631,0.5704,0.37483502,,,,,,,
120,0.373320968,0.638753361,0.572079146,0.400791905,,,,,,,
120,0.386204782,0.634173056,0.56638246,0.444786626,,,,,,,
120,0.375226326,0.633177337,0.567217717,0.410470744,,,,,,,
120,0.378520365,0.623220153,0.554851713,0.527936648,,,,,,,
120,0.372640731,0.631882904,0.56633849,0.407611087,,,,,,,
120,0.374636041,0.626107737,0.558153213,0.496040475,,,,,,,
120,0.375105608,0.625311162,0.557666814,0.493400792,,,,,,,
120,0.373758428,0.621029573,0.55360765,0.518257809,,,,,,,
120,0.370327975,0.630389326,0.563143549,0.452705675,,,,,,,
120,0.384555045,0.637956786,0.570652174,0.416630004,,,,,,,
120,0.377533661,0.640246938,0.574366332,0.379894413,,,,,,,
120,0.369122597,0.631385044,0.56332533,0.465904092,,,,,,,
120,0.379284471,0.620730857,0.553646819,0.51099868,,,,,,,
120,0.369785724,0.633774768,0.567770144,0.408710955,,,,,,,
120,0.372201294,0.617444987,0.550502152,0.533216014,,,,,,,
120,0.375035792,0.637359355,0.570492826,0.410470744,,,,,,,
120,0.376603492,0.639749079,0.577878483,0.310602728,,,,,,,
120,0.362173346,0.627103455,0.560234622,0.462604487,,,,,,,
120,0.376221791,0.624415015,0.556911765,0.495820502,,,,,,,
120,0.36822505,0.627103455,0.55916679,0.48900132,,,,,,,
120,0.376295546,0.633973912,0.565729828,0.455785306,,,,,,,
120,0.374533988,0.631882904,0.564720232,0.442806863,,,,,,,
120,0.377300841,0.63765807,0.572247889,0.380774307,,,,,,,
120,0.370015157,0.631484616,0.563947329,0.453365596,,,,,,,
120,0.376345144,0.625609878,0.557355517,0.507259129,,,,,,,
120,0.371693819,0.633675197,0.56682596,0.426968764,,,,,,,
120,0.379856368,0.636662352,0.569245021,0.424769028,,,,,,,
120,0.367885765,0.630688041,0.56768559,0.360096788,,,,,,,
120,0.368281654,0.628298317,0.562375326,0.433567972,,,,,,,
120,0.376614492,0.636761924,0.570024953,0.410470744,,,,,,,
120,0.369399769,0.629692323,0.562021899,0.466564012,,,,,,,
120,0.369758609,0.632082047,0.56573459,0.423889133,,,,,,,
120,0.361841601,0.625609878,0.55920458,0.460184778,,,,,,,
120,0.370011458,0.631882904,0.564250038,0.453365596,,,,,,,
120,0.367048276,0.634471771,0.568051019,0.414210295,,,,,,,
120,0.376927062,0.63168376,0.565669096,0.418609767,,,,,,,
120,0.378157221,0.625311162,0.55676381,0.517157941,,,,,,,
120,0.37177707,0.629891467,0.562041611,0.469643643,,,,,,,
120,0.376924595,0.630289754,0.562490623,0.466124065,,,,,,,
120,0.365508619,0.634471771,0.570667097,0.361856577,,,,,,,
120,0.37750883,0.626605596,0.557899331,0.512098548,,,,,,,
120,0.370473153,0.62790003,0.560364125,0.474043115,,,,,,,
120,0.371079653,0.634969631,0.567671486,0.430268368,,,,,,,
120,0.378185423,0.63925122,0.572734437,0.395732512,,,,,,,
120,0.369820028,0.629692323,0.562832396,0.447646282,,,,,,,
120,0.385235734,0.633774768,0.565028469,0.468103828,,,,,,,
120,0.371816977,0.631882904,0.564094821,0.456885174,,,,,,,
120,0.367084047,0.622224435,0.555131965,0.500219974,,,,,,,
120,0.36918865,0.632281191,0.565005335,0.44324681,,,,,,,
120,0.384205837,0.630488898,0.561714708,0.488121425,,,,,,,
120,0.375662595,0.637060639,0.568747139,0.441487022,,,,,,,
120,0.373577786,0.634870059,0.569136385,0.398372195,,,,,,,
120,0.376224368,0.633575625,0.5659257,0.444786626,,,,,,,
120,0.366241892,0.628397889,0.562327718,0.436427629,,,,,,,
120,0.373035494,0.625311162,0.557734847,0.491641003,,,,,,,
120,0.368917954,0.633774768,0.567203469,0.420589529,,,,,,,
120,0.375770154,0.635367918,0.567833026,0.433347998,,,,,,,
120,0.37978192,0.6343722,0.566051995,0.455345359,,,,,,,
120,0.381730196,0.629791895,0.561206387,0.487901452,,,,,,,
120,0.358738483,0.629592751,0.561826347,0.469423669,,,,,,,
120,0.369469564,0.628796176,0.561670688,0.458864936,,,,,,,
